{
    "camperCampusLands": {
        "1": {
            "identificacion": "1",
            "Nombre": "1",
            "Apellido": "1",
            "Direccion": "1",
            "acudiente": "1",
            "telefono": 1,
            "rol": "Admin",
            "Estado": "Reprobado",
            "Nota Examen Ingreso": 12,
            "riesgoCamper": "Expulsado",
            "Grupo": "x",
            "Skill": {
                "Skill Actual": {
                    "Nombre Skill": "java",
                    "Prueba": 0,
                    "Trabajos": 0,
                    "Quizes": 0,
                    "Definitiva": 0
                },
                "Skill Culminadas": {
                    "Nombre Skill Culminado": {
                        "Prueba": 0,
                        "Trabajos": 0,
                        "Quizes": 0,
                        "Definitiva": 0
                    }
                }
            },
            "Credenciales": {
                "correo": "sergio@correo.com",
                "password": "1234"
            }
        },
        "90": {
            "identificacion": "90",
            "Nombre": "1",
            "Apellido": "1",
            "Direccion": "1",
            "acudiente": "1",
            "telefono": 1,
            "rol": "Camper",
            "Estado": "Inscrito",
            "riesgoCamper": "Sin Riesgo",
            "Grupo": "x",
            "Skill": {
                "Skill Actual": {
                    "Nombre Skill": "java",
                    "Prueba": 0,
                    "Trabajos": 0,
                    "Quizes": 0,
                    "Definitiva": 0
                },
                "Skill Culminadas": {
                    "Nombre Skill Culminado": {
                        "Prueba": 0,
                        "Trabajos": 0,
                        "Quizes": 0,
                        "Definitiva": 0
                    }
                }
            },
            "Credenciales": {
                "correo": "jyuiyyqhj",
                "password": "1234"
            }
        }
    },
    "trainerCampusLands": {},
    "adminCampusLands": {}
}